Dye,Rxn Time (min),Removal %,Full_Name,SMILES,Labute_ASA,LogP,HBD,HBA,Aromatic_Rings,Rotatable_Bonds,Fraction_Csp3
MB,0,0.0,Methylene Blue,CN(C)C1=CC2=C(C=C1)N=C3C=CC(=[N+](C)C)C=C3S2.[Cl-],134.498,-0.497,0,3,1,1,0.25
MB,5,0.630869625,Methylene Blue,CN(C)C1=CC2=C(C=C1)N=C3C=CC(=[N+](C)C)C=C3S2.[Cl-],134.498,-0.497,0,3,1,1,0.25
MB,10,0.665654338,Methylene Blue,CN(C)C1=CC2=C(C=C1)N=C3C=CC(=[N+](C)C)C=C3S2.[Cl-],134.498,-0.497,0,3,1,1,0.25
MB,15,0.707449401,Methylene Blue,CN(C)C1=CC2=C(C=C1)N=C3C=CC(=[N+](C)C)C=C3S2.[Cl-],134.498,-0.497,0,3,1,1,0.25
MB,20,0.742451946,Methylene Blue,CN(C)C1=CC2=C(C=C1)N=C3C=CC(=[N+](C)C)C=C3S2.[Cl-],134.498,-0.497,0,3,1,1,0.25
MB,25,0.767709303,Methylene Blue,CN(C)C1=CC2=C(C=C1)N=C3C=CC(=[N+](C)C)C=C3S2.[Cl-],134.498,-0.497,0,3,1,1,0.25
MO,0,0.0,Methyl Orange,CN(C)C1=CC=C(C=C1)N=NC2=CC=C(C=C2)S(=O)(=O)[O-].[Na+],151.467,0.076,0,6,2,4,0.143
MO,5,0.21677694,Methyl Orange,CN(C)C1=CC=C(C=C1)N=NC2=CC=C(C=C2)S(=O)(=O)[O-].[Na+],151.467,0.076,0,6,2,4,0.143
MO,10,0.366439574,Methyl Orange,CN(C)C1=CC=C(C=C1)N=NC2=CC=C(C=C2)S(=O)(=O)[O-].[Na+],151.467,0.076,0,6,2,4,0.143
MO,15,0.486212652,Methyl Orange,CN(C)C1=CC=C(C=C1)N=NC2=CC=C(C=C2)S(=O)(=O)[O-].[Na+],151.467,0.076,0,6,2,4,0.143
MO,20,0.59249582,Methyl Orange,CN(C)C1=CC=C(C=C1)N=NC2=CC=C(C=C2)S(=O)(=O)[O-].[Na+],151.467,0.076,0,6,2,4,0.143
MO,25,0.684015593,Methyl Orange,CN(C)C1=CC=C(C=C1)N=NC2=CC=C(C=C2)S(=O)(=O)[O-].[Na+],151.467,0.076,0,6,2,4,0.143
Tart,0,0.0,Tartrazine,C1=CC(=CC=C1N=NC2C(=NN(C2=O)C3=CC=C(C=C3)S(=O)(=O)[O-])C(=O)[O-])S(=O)(=O)[O-].[Na+].[Na+].[Na+],259.629,-9.888,0,12,2,6,0.062
Tart,5,0.3173005,Tartrazine,C1=CC(=CC=C1N=NC2C(=NN(C2=O)C3=CC=C(C=C3)S(=O)(=O)[O-])C(=O)[O-])S(=O)(=O)[O-].[Na+].[Na+].[Na+],259.629,-9.888,0,12,2,6,0.062
Tart,10,0.481533683,Tartrazine,C1=CC(=CC=C1N=NC2C(=NN(C2=O)C3=CC=C(C=C3)S(=O)(=O)[O-])C(=O)[O-])S(=O)(=O)[O-].[Na+].[Na+].[Na+],259.629,-9.888,0,12,2,6,0.062
Tart,15,0.609488611,Tartrazine,C1=CC(=CC=C1N=NC2C(=NN(C2=O)C3=CC=C(C=C3)S(=O)(=O)[O-])C(=O)[O-])S(=O)(=O)[O-].[Na+].[Na+].[Na+],259.629,-9.888,0,12,2,6,0.062
Tart,20,0.7319636,Tartrazine,C1=CC(=CC=C1N=NC2C(=NN(C2=O)C3=CC=C(C=C3)S(=O)(=O)[O-])C(=O)[O-])S(=O)(=O)[O-].[Na+].[Na+].[Na+],259.629,-9.888,0,12,2,6,0.062
Tart,25,0.824533475,Tartrazine,C1=CC(=CC=C1N=NC2C(=NN(C2=O)C3=CC=C(C=C3)S(=O)(=O)[O-])C(=O)[O-])S(=O)(=O)[O-].[Na+].[Na+].[Na+],259.629,-9.888,0,12,2,6,0.062
RhB,0,0.0,Rhodamine B,CCN(CC)C1=CC2=C(C=C1)C(=C3C=CC(=[N+](CC)CC)C=C3O2)C4=CC=CC=C4C(=O)O.[Cl-],206.27,2.565,1,3,2,7,0.286
RhB,5,0.323257952,Rhodamine B,CCN(CC)C1=CC2=C(C=C1)C(=C3C=CC(=[N+](CC)CC)C=C3O2)C4=CC=CC=C4C(=O)O.[Cl-],206.27,2.565,1,3,2,7,0.286
RhB,10,0.474698961,Rhodamine B,CCN(CC)C1=CC2=C(C=C1)C(=C3C=CC(=[N+](CC)CC)C=C3O2)C4=CC=CC=C4C(=O)O.[Cl-],206.27,2.565,1,3,2,7,0.286
RhB,15,0.569904372,Rhodamine B,CCN(CC)C1=CC2=C(C=C1)C(=C3C=CC(=[N+](CC)CC)C=C3O2)C4=CC=CC=C4C(=O)O.[Cl-],206.27,2.565,1,3,2,7,0.286
RhB,20,0.64332322,Rhodamine B,CCN(CC)C1=CC2=C(C=C1)C(=C3C=CC(=[N+](CC)CC)C=C3O2)C4=CC=CC=C4C(=O)O.[Cl-],206.27,2.565,1,3,2,7,0.286
RhB,25,0.702020153,Rhodamine B,CCN(CC)C1=CC2=C(C=C1)C(=C3C=CC(=[N+](CC)CC)C=C3O2)C4=CC=CC=C4C(=O)O.[Cl-],206.27,2.565,1,3,2,7,0.286
R6G,0,0.0,Rhodamine 6G,CCNC1=CC2=C(C=C1C)C(=C3C=C(C(=[NH+]CC)C=C3O2)C)C4=CC=CC=C4C(=O)OCC.[Cl-],206.169,1.435,2,4,2,6,0.286
R6G,5,0.33170393,Rhodamine 6G,CCNC1=CC2=C(C=C1C)C(=C3C=C(C(=[NH+]CC)C=C3O2)C)C4=CC=CC=C4C(=O)OCC.[Cl-],206.169,1.435,2,4,2,6,0.286
R6G,10,0.492959537,Rhodamine 6G,CCNC1=CC2=C(C=C1C)C(=C3C=C(C(=[NH+]CC)C=C3O2)C)C4=CC=CC=C4C(=O)OCC.[Cl-],206.169,1.435,2,4,2,6,0.286
R6G,15,0.609749867,Rhodamine 6G,CCNC1=CC2=C(C=C1C)C(=C3C=C(C(=[NH+]CC)C=C3O2)C)C4=CC=CC=C4C(=O)OCC.[Cl-],206.169,1.435,2,4,2,6,0.286
R6G,20,0.698464267,Rhodamine 6G,CCNC1=CC2=C(C=C1C)C(=C3C=C(C(=[NH+]CC)C=C3O2)C)C4=CC=CC=C4C(=O)OCC.[Cl-],206.169,1.435,2,4,2,6,0.286
R6G,25,0.758447085,Rhodamine 6G,CCNC1=CC2=C(C=C1C)C(=C3C=C(C(=[NH+]CC)C=C3O2)C)C4=CC=CC=C4C(=O)OCC.[Cl-],206.169,1.435,2,4,2,6,0.286
Am,0,0.0,Amaranth,C1=CC=C2C(=C1)C(=CC=C2S(=O)(=O)[O-])N=NC3=C4C=CC(=CC4=CC(=C3O)S(=O)(=O)[O-])S(=O)(=O)[O-].[Na+].[Na+].[Na+],283.219,-6.162,1,12,4,5,0.0
Am,5,0.377279119,Amaranth,C1=CC=C2C(=C1)C(=CC=C2S(=O)(=O)[O-])N=NC3=C4C=CC(=CC4=CC(=C3O)S(=O)(=O)[O-])S(=O)(=O)[O-].[Na+].[Na+].[Na+],283.219,-6.162,1,12,4,5,0.0
Am,10,0.539295747,Amaranth,C1=CC=C2C(=C1)C(=CC=C2S(=O)(=O)[O-])N=NC3=C4C=CC(=CC4=CC(=C3O)S(=O)(=O)[O-])S(=O)(=O)[O-].[Na+].[Na+].[Na+],283.219,-6.162,1,12,4,5,0.0
Am,15,0.662761295,Amaranth,C1=CC=C2C(=C1)C(=CC=C2S(=O)(=O)[O-])N=NC3=C4C=CC(=CC4=CC(=C3O)S(=O)(=O)[O-])S(=O)(=O)[O-].[Na+].[Na+].[Na+],283.219,-6.162,1,12,4,5,0.0
Am,20,0.766951052,Amaranth,C1=CC=C2C(=C1)C(=CC=C2S(=O)(=O)[O-])N=NC3=C4C=CC(=CC4=CC(=C3O)S(=O)(=O)[O-])S(=O)(=O)[O-].[Na+].[Na+].[Na+],283.219,-6.162,1,12,4,5,0.0
Am,25,0.862063732,Amaranth,C1=CC=C2C(=C1)C(=CC=C2S(=O)(=O)[O-])N=NC3=C4C=CC(=CC4=CC(=C3O)S(=O)(=O)[O-])S(=O)(=O)[O-].[Na+].[Na+].[Na+],283.219,-6.162,1,12,4,5,0.0
CV,0,0.0,Crystal Violet,CN(C)C1=CC=C(C=C1)C(=C2C=CC(=[N+](C)C)C=C2)C3=CC=C(C=C3)N(C)C.[Cl-],180.936,1.464,0,2,2,4,0.24
CV,5,0.371693183,Crystal Violet,CN(C)C1=CC=C(C=C1)C(=C2C=CC(=[N+](C)C)C=C2)C3=CC=C(C=C3)N(C)C.[Cl-],180.936,1.464,0,2,2,4,0.24
CV,10,0.557108494,Crystal Violet,CN(C)C1=CC=C(C=C1)C(=C2C=CC(=[N+](C)C)C=C2)C3=CC=C(C=C3)N(C)C.[Cl-],180.936,1.464,0,2,2,4,0.24
CV,15,0.681318565,Crystal Violet,CN(C)C1=CC=C(C=C1)C(=C2C=CC(=[N+](C)C)C=C2)C3=CC=C(C=C3)N(C)C.[Cl-],180.936,1.464,0,2,2,4,0.24
CV,20,0.766301034,Crystal Violet,CN(C)C1=CC=C(C=C1)C(=C2C=CC(=[N+](C)C)C=C2)C3=CC=C(C=C3)N(C)C.[Cl-],180.936,1.464,0,2,2,4,0.24
CV,25,0.824473116,Crystal Violet,CN(C)C1=CC=C(C=C1)C(=C2C=CC(=[N+](C)C)C=C2)C3=CC=C(C=C3)N(C)C.[Cl-],180.936,1.464,0,2,2,4,0.24
MaG,0,0.0,Malachite Green,CN(C)C1=CC=C(C=C1)C(=C2C=CC(=[N+](C)C)C=C2)C3=CC=CC=C3.[Cl-],162.446,1.398,0,1,2,3,0.174
MaG,5,0.168677181,Malachite Green,CN(C)C1=CC=C(C=C1)C(=C2C=CC(=[N+](C)C)C=C2)C3=CC=CC=C3.[Cl-],162.446,1.398,0,1,2,3,0.174
MaG,10,0.288639904,Malachite Green,CN(C)C1=CC=C(C=C1)C(=C2C=CC(=[N+](C)C)C=C2)C3=CC=CC=C3.[Cl-],162.446,1.398,0,1,2,3,0.174
MaG,15,0.370085843,Malachite Green,CN(C)C1=CC=C(C=C1)C(=C2C=CC(=[N+](C)C)C=C2)C3=CC=CC=C3.[Cl-],162.446,1.398,0,1,2,3,0.174
MaG,20,0.450592706,Malachite Green,CN(C)C1=CC=C(C=C1)C(=C2C=CC(=[N+](C)C)C=C2)C3=CC=CC=C3.[Cl-],162.446,1.398,0,1,2,3,0.174
MaG,25,0.528626247,Malachite Green,CN(C)C1=CC=C(C=C1)C(=C2C=CC(=[N+](C)C)C=C2)C3=CC=CC=C3.[Cl-],162.446,1.398,0,1,2,3,0.174
Ab,0,0.0,Amido Black 10B,C1=CC=C(C=C1)N=NC2=C(C3=C(C(=C(C=C3C=C2S(=O)(=O)[O-])S(=O)(=O)[O-])N=NC4=CC=C(C=C4)[N+](=O)[O-])N)O.[Na+].[Na+],275.992,-1.317,2,14,4,7,0.0
Ab,5,0.332154493,Amido Black 10B,C1=CC=C(C=C1)N=NC2=C(C3=C(C(=C(C=C3C=C2S(=O)(=O)[O-])S(=O)(=O)[O-])N=NC4=CC=C(C=C4)[N+](=O)[O-])N)O.[Na+].[Na+],275.992,-1.317,2,14,4,7,0.0
Ab,10,0.479211203,Amido Black 10B,C1=CC=C(C=C1)N=NC2=C(C3=C(C(=C(C=C3C=C2S(=O)(=O)[O-])S(=O)(=O)[O-])N=NC4=CC=C(C=C4)[N+](=O)[O-])N)O.[Na+].[Na+],275.992,-1.317,2,14,4,7,0.0
Ab,15,0.600004762,Amido Black 10B,C1=CC=C(C=C1)N=NC2=C(C3=C(C(=C(C=C3C=C2S(=O)(=O)[O-])S(=O)(=O)[O-])N=NC4=CC=C(C=C4)[N+](=O)[O-])N)O.[Na+].[Na+],275.992,-1.317,2,14,4,7,0.0
Ab,20,0.69161015,Amido Black 10B,C1=CC=C(C=C1)N=NC2=C(C3=C(C(=C(C=C3C=C2S(=O)(=O)[O-])S(=O)(=O)[O-])N=NC4=CC=C(C=C4)[N+](=O)[O-])N)O.[Na+].[Na+],275.992,-1.317,2,14,4,7,0.0
Ab,25,0.761984872,Amido Black 10B,C1=CC=C(C=C1)N=NC2=C(C3=C(C(=C(C=C3C=C2S(=O)(=O)[O-])S(=O)(=O)[O-])N=NC4=CC=C(C=C4)[N+](=O)[O-])N)O.[Na+].[Na+],275.992,-1.317,2,14,4,7,0.0
PonS,0,0.0,Ponceau S,C1=CC(=CC=C1N=NC2=CC(=C(C=C2)N=NC3=C4C=CC(=CC4=CC(=C3O)S(=O)(=O)[O-])S(=O)(=O)[O-])S(=O)(=O)[O-])S(=O)(=O)[O-].[Na+].[Na+].[Na+].[Na+],356.083,-8.991,1,17,4,8,0.0
PonS,5,0.298213914,Ponceau S,C1=CC(=CC=C1N=NC2=CC(=C(C=C2)N=NC3=C4C=CC(=CC4=CC(=C3O)S(=O)(=O)[O-])S(=O)(=O)[O-])S(=O)(=O)[O-])S(=O)(=O)[O-].[Na+].[Na+].[Na+].[Na+],356.083,-8.991,1,17,4,8,0.0
PonS,10,0.466826225,Ponceau S,C1=CC(=CC=C1N=NC2=CC(=C(C=C2)N=NC3=C4C=CC(=CC4=CC(=C3O)S(=O)(=O)[O-])S(=O)(=O)[O-])S(=O)(=O)[O-])S(=O)(=O)[O-].[Na+].[Na+].[Na+].[Na+],356.083,-8.991,1,17,4,8,0.0
PonS,15,0.585410005,Ponceau S,C1=CC(=CC=C1N=NC2=CC(=C(C=C2)N=NC3=C4C=CC(=CC4=CC(=C3O)S(=O)(=O)[O-])S(=O)(=O)[O-])S(=O)(=O)[O-])S(=O)(=O)[O-].[Na+].[Na+].[Na+].[Na+],356.083,-8.991,1,17,4,8,0.0
PonS,20,0.693713895,Ponceau S,C1=CC(=CC=C1N=NC2=CC(=C(C=C2)N=NC3=C4C=CC(=CC4=CC(=C3O)S(=O)(=O)[O-])S(=O)(=O)[O-])S(=O)(=O)[O-])S(=O)(=O)[O-].[Na+].[Na+].[Na+].[Na+],356.083,-8.991,1,17,4,8,0.0
PonS,25,0.779057698,Ponceau S,C1=CC(=CC=C1N=NC2=CC(=C(C=C2)N=NC3=C4C=CC(=CC4=CC(=C3O)S(=O)(=O)[O-])S(=O)(=O)[O-])S(=O)(=O)[O-])S(=O)(=O)[O-].[Na+].[Na+].[Na+].[Na+],356.083,-8.991,1,17,4,8,0.0
BBR,0,0.0,Coomassie Brilliant Blue R-250,CCN(CC1=CC(=CC=C1)S(=O)(=O)[O-])C2=CC=C(C=C2)C(=C3C=CC(=[N+](CC)CC4=CC(=CC=C4)S(=O)(=O)[O-])C=C3)C5=CC=C(C=C5)NC6=CC=C(C=C6)OCC.[Na+],363.258,5.269,1,9,5,15,0.178
BBR,5,0.255740415,Coomassie Brilliant Blue R-250,CCN(CC1=CC(=CC=C1)S(=O)(=O)[O-])C2=CC=C(C=C2)C(=C3C=CC(=[N+](CC)CC4=CC(=CC=C4)S(=O)(=O)[O-])C=C3)C5=CC=C(C=C5)NC6=CC=C(C=C6)OCC.[Na+],363.258,5.269,1,9,5,15,0.178
BBR,10,0.413488947,Coomassie Brilliant Blue R-250,CCN(CC1=CC(=CC=C1)S(=O)(=O)[O-])C2=CC=C(C=C2)C(=C3C=CC(=[N+](CC)CC4=CC(=CC=C4)S(=O)(=O)[O-])C=C3)C5=CC=C(C=C5)NC6=CC=C(C=C6)OCC.[Na+],363.258,5.269,1,9,5,15,0.178
BBR,15,0.509526436,Coomassie Brilliant Blue R-250,CCN(CC1=CC(=CC=C1)S(=O)(=O)[O-])C2=CC=C(C=C2)C(=C3C=CC(=[N+](CC)CC4=CC(=CC=C4)S(=O)(=O)[O-])C=C3)C5=CC=C(C=C5)NC6=CC=C(C=C6)OCC.[Na+],363.258,5.269,1,9,5,15,0.178
BBR,20,0.580584613,Coomassie Brilliant Blue R-250,CCN(CC1=CC(=CC=C1)S(=O)(=O)[O-])C2=CC=C(C=C2)C(=C3C=CC(=[N+](CC)CC4=CC(=CC=C4)S(=O)(=O)[O-])C=C3)C5=CC=C(C=C5)NC6=CC=C(C=C6)OCC.[Na+],363.258,5.269,1,9,5,15,0.178
BBR,25,0.632134495,Coomassie Brilliant Blue R-250,CCN(CC1=CC(=CC=C1)S(=O)(=O)[O-])C2=CC=C(C=C2)C(=C3C=CC(=[N+](CC)CC4=CC(=CC=C4)S(=O)(=O)[O-])C=C3)C5=CC=C(C=C5)NC6=CC=C(C=C6)OCC.[Na+],363.258,5.269,1,9,5,15,0.178
BBG,0,0.0,Coomassie Brilliant Blue G-250,CCN(CC1=CC(=CC=C1)S(=O)(=O)[O-])C2=CC(=C(C=C2)C(=C3C=CC(=[N+](CC)CC4=CC(=CC=C4)S(=O)(=O)[O-])C=C3C)C5=CC=C(C=C5)NC6=CC=C(C=C6)OCC)C.[Na+],375.988,5.968,1,9,5,15,0.213
BBG,5,0.257980938,Coomassie Brilliant Blue G-250,CCN(CC1=CC(=CC=C1)S(=O)(=O)[O-])C2=CC(=C(C=C2)C(=C3C=CC(=[N+](CC)CC4=CC(=CC=C4)S(=O)(=O)[O-])C=C3C)C5=CC=C(C=C5)NC6=CC=C(C=C6)OCC)C.[Na+],375.988,5.968,1,9,5,15,0.213
BBG,10,0.410838867,Coomassie Brilliant Blue G-250,CCN(CC1=CC(=CC=C1)S(=O)(=O)[O-])C2=CC(=C(C=C2)C(=C3C=CC(=[N+](CC)CC4=CC(=CC=C4)S(=O)(=O)[O-])C=C3C)C5=CC=C(C=C5)NC6=CC=C(C=C6)OCC)C.[Na+],375.988,5.968,1,9,5,15,0.213
BBG,15,0.516512337,Coomassie Brilliant Blue G-250,CCN(CC1=CC(=CC=C1)S(=O)(=O)[O-])C2=CC(=C(C=C2)C(=C3C=CC(=[N+](CC)CC4=CC(=CC=C4)S(=O)(=O)[O-])C=C3C)C5=CC=C(C=C5)NC6=CC=C(C=C6)OCC)C.[Na+],375.988,5.968,1,9,5,15,0.213
BBG,20,0.590032754,Coomassie Brilliant Blue G-250,CCN(CC1=CC(=CC=C1)S(=O)(=O)[O-])C2=CC(=C(C=C2)C(=C3C=CC(=[N+](CC)CC4=CC(=CC=C4)S(=O)(=O)[O-])C=C3C)C5=CC=C(C=C5)NC6=CC=C(C=C6)OCC)C.[Na+],375.988,5.968,1,9,5,15,0.213
BBG,25,0.647306775,Coomassie Brilliant Blue G-250,CCN(CC1=CC(=CC=C1)S(=O)(=O)[O-])C2=CC(=C(C=C2)C(=C3C=CC(=[N+](CC)CC4=CC(=CC=C4)S(=O)(=O)[O-])C=C3C)C5=CC=C(C=C5)NC6=CC=C(C=C6)OCC)C.[Na+],375.988,5.968,1,9,5,15,0.213
CB,0,0.0,Cibacron Blue 3GA,C1=CC=C2C(=C1)C(=O)C3=C(C2=O)C(=C(C=C3NC4=CC(=C(C=C4)NC5=NC(=NC(=N5)NC6=CC=CC=C6S(=O)(=O)O)Cl)S(=O)(=O)O)S(=O)(=O)O)N,292.544,3.854,7,15,5,9,0.0
CB,5,0.073289971,Cibacron Blue 3GA,C1=CC=C2C(=C1)C(=O)C3=C(C2=O)C(=C(C=C3NC4=CC(=C(C=C4)NC5=NC(=NC(=N5)NC6=CC=CC=C6S(=O)(=O)O)Cl)S(=O)(=O)O)S(=O)(=O)O)N,292.544,3.854,7,15,5,9,0.0
CB,10,0.165896076,Cibacron Blue 3GA,C1=CC=C2C(=C1)C(=O)C3=C(C2=O)C(=C(C=C3NC4=CC(=C(C=C4)NC5=NC(=NC(=N5)NC6=CC=CC=C6S(=O)(=O)O)Cl)S(=O)(=O)O)S(=O)(=O)O)N,292.544,3.854,7,15,5,9,0.0
CB,15,0.248498956,Cibacron Blue 3GA,C1=CC=C2C(=C1)C(=O)C3=C(C2=O)C(=C(C=C3NC4=CC(=C(C=C4)NC5=NC(=NC(=N5)NC6=CC=CC=C6S(=O)(=O)O)Cl)S(=O)(=O)O)S(=O)(=O)O)N,292.544,3.854,7,15,5,9,0.0
CB,20,0.316907209,Cibacron Blue 3GA,C1=CC=C2C(=C1)C(=O)C3=C(C2=O)C(=C(C=C3NC4=CC(=C(C=C4)NC5=NC(=NC(=N5)NC6=CC=CC=C6S(=O)(=O)O)Cl)S(=O)(=O)O)S(=O)(=O)O)N,292.544,3.854,7,15,5,9,0.0
CB,25,0.386570749,Cibacron Blue 3GA,C1=CC=C2C(=C1)C(=O)C3=C(C2=O)C(=C(C=C3NC4=CC(=C(C=C4)NC5=NC(=NC(=N5)NC6=CC=CC=C6S(=O)(=O)O)Cl)S(=O)(=O)O)S(=O)(=O)O)N,292.544,3.854,7,15,5,9,0.0
BPB,0,0.0,Bromophenol Blue,C1=CC=C2C(=C1)C(OS2(=O)=O)(C3=CC(=C(C(=C3)Br)O)Br)C4=CC(=C(C(=C4)Br)O)Br,199.911,6.159,2,5,3,2,0.053
BPB,5,0.258294357,Bromophenol Blue,C1=CC=C2C(=C1)C(OS2(=O)=O)(C3=CC(=C(C(=C3)Br)O)Br)C4=CC(=C(C(=C4)Br)O)Br,199.911,6.159,2,5,3,2,0.053
BPB,10,0.417172949,Bromophenol Blue,C1=CC=C2C(=C1)C(OS2(=O)=O)(C3=CC(=C(C(=C3)Br)O)Br)C4=CC(=C(C(=C4)Br)O)Br,199.911,6.159,2,5,3,2,0.053
BPB,15,0.56090221,Bromophenol Blue,C1=CC=C2C(=C1)C(OS2(=O)=O)(C3=CC(=C(C(=C3)Br)O)Br)C4=CC(=C(C(=C4)Br)O)Br,199.911,6.159,2,5,3,2,0.053
BPB,20,0.679590228,Bromophenol Blue,C1=CC=C2C(=C1)C(OS2(=O)=O)(C3=CC(=C(C(=C3)Br)O)Br)C4=CC(=C(C(=C4)Br)O)Br,199.911,6.159,2,5,3,2,0.053
BPB,25,0.778657745,Bromophenol Blue,C1=CC=C2C(=C1)C(OS2(=O)=O)(C3=CC(=C(C(=C3)Br)O)Br)C4=CC(=C(C(=C4)Br)O)Br,199.911,6.159,2,5,3,2,0.053
Erio,0,0.0,Erioglaucine,CCN(CC1=CC(=CC=C1)S(=O)(=O)[O-])C2=CC=C(C=C2)C(=C3C=CC(=[N+](CC)CC4=CC(=CC=C4)S(=O)(=O)[O-])C=C3)C5=CC=CC=C5S(=O)(=O)[O-].[NH4+].[NH4+],310.295,5.779,2,10,4,12,0.162
Erio,5,0.473895507,Erioglaucine,CCN(CC1=CC(=CC=C1)S(=O)(=O)[O-])C2=CC=C(C=C2)C(=C3C=CC(=[N+](CC)CC4=CC(=CC=C4)S(=O)(=O)[O-])C=C3)C5=CC=CC=C5S(=O)(=O)[O-].[NH4+].[NH4+],310.295,5.779,2,10,4,12,0.162
Erio,10,0.683165479,Erioglaucine,CCN(CC1=CC(=CC=C1)S(=O)(=O)[O-])C2=CC=C(C=C2)C(=C3C=CC(=[N+](CC)CC4=CC(=CC=C4)S(=O)(=O)[O-])C=C3)C5=CC=CC=C5S(=O)(=O)[O-].[NH4+].[NH4+],310.295,5.779,2,10,4,12,0.162
Erio,15,0.786962792,Erioglaucine,CCN(CC1=CC(=CC=C1)S(=O)(=O)[O-])C2=CC=C(C=C2)C(=C3C=CC(=[N+](CC)CC4=CC(=CC=C4)S(=O)(=O)[O-])C=C3)C5=CC=CC=C5S(=O)(=O)[O-].[NH4+].[NH4+],310.295,5.779,2,10,4,12,0.162
Erio,20,0.85255443,Erioglaucine,CCN(CC1=CC(=CC=C1)S(=O)(=O)[O-])C2=CC=C(C=C2)C(=C3C=CC(=[N+](CC)CC4=CC(=CC=C4)S(=O)(=O)[O-])C=C3)C5=CC=CC=C5S(=O)(=O)[O-].[NH4+].[NH4+],310.295,5.779,2,10,4,12,0.162
Erio,25,0.896010335,Erioglaucine,CCN(CC1=CC(=CC=C1)S(=O)(=O)[O-])C2=CC=C(C=C2)C(=C3C=CC(=[N+](CC)CC4=CC(=CC=C4)S(=O)(=O)[O-])C=C3)C5=CC=CC=C5S(=O)(=O)[O-].[NH4+].[NH4+],310.295,5.779,2,10,4,12,0.162
Reso,0,0.0,Resorufin,C1=CC2=C(C=C1O)OC3=CC(=O)C=CC3=N2,90.129,1.998,1,4,1,0,0.0
Reso,5,0.430970773,Resorufin,C1=CC2=C(C=C1O)OC3=CC(=O)C=CC3=N2,90.129,1.998,1,4,1,0,0.0
Reso,10,0.578440776,Resorufin,C1=CC2=C(C=C1O)OC3=CC(=O)C=CC3=N2,90.129,1.998,1,4,1,0,0.0
Reso,15,0.734416517,Resorufin,C1=CC2=C(C=C1O)OC3=CC(=O)C=CC3=N2,90.129,1.998,1,4,1,0,0.0
Reso,20,0.831068382,Resorufin,C1=CC2=C(C=C1O)OC3=CC(=O)C=CC3=N2,90.129,1.998,1,4,1,0,0.0
Reso,25,0.979403556,Resorufin,C1=CC2=C(C=C1O)OC3=CC(=O)C=CC3=N2,90.129,1.998,1,4,1,0,0.0
DMMB,0,0.0,Dimethylmethylene Blue,CC1=CC(=CC2=C1N=C3C(=CC(=[N+](C)C)C=C3S2)C)N(C)C.[Cl-],147.228,0.12,0,3,1,1,0.333
DMMB,5,0.457122427,Dimethylmethylene Blue,CC1=CC(=CC2=C1N=C3C(=CC(=[N+](C)C)C=C3S2)C)N(C)C.[Cl-],147.228,0.12,0,3,1,1,0.333
DMMB,10,0.546898377,Dimethylmethylene Blue,CC1=CC(=CC2=C1N=C3C(=CC(=[N+](C)C)C=C3S2)C)N(C)C.[Cl-],147.228,0.12,0,3,1,1,0.333
DMMB,15,0.602566636,Dimethylmethylene Blue,CC1=CC(=CC2=C1N=C3C(=CC(=[N+](C)C)C=C3S2)C)N(C)C.[Cl-],147.228,0.12,0,3,1,1,0.333
DMMB,20,0.660136439,Dimethylmethylene Blue,CC1=CC(=CC2=C1N=C3C(=CC(=[N+](C)C)C=C3S2)C)N(C)C.[Cl-],147.228,0.12,0,3,1,1,0.333
DMMB,25,0.709922839,Dimethylmethylene Blue,CC1=CC(=CC2=C1N=C3C(=CC(=[N+](C)C)C=C3S2)C)N(C)C.[Cl-],147.228,0.12,0,3,1,1,0.333
DR80,0,0.0,Direct Red 80,C1=CC(=CC=C1N=NC2=CC(=C(C=C2)N=NC3=C(C=C4C=C(C=CC4=C3O)NC(=O)NC5=CC6=CC(=C(C(=C6C=C5)O)N=NC7=C(C=C(C=C7)N=NC8=CC=C(C=C8)S(=O)(=O)[O-])S(=O)(=O)[O-])S(=O)(=O)[O-])S(=O)(=O)[O-])S(=O)(=O)[O-])S(=O)(=O)[O-].[Na+].[Na+].[Na+].[Na+].[Na+].[Na+],631.334,-9.842,4,29,8,16,0.0
DR80,5,0.123485477,Direct Red 80,C1=CC(=CC=C1N=NC2=CC(=C(C=C2)N=NC3=C(C=C4C=C(C=CC4=C3O)NC(=O)NC5=CC6=CC(=C(C(=C6C=C5)O)N=NC7=C(C=C(C=C7)N=NC8=CC=C(C=C8)S(=O)(=O)[O-])S(=O)(=O)[O-])S(=O)(=O)[O-])S(=O)(=O)[O-])S(=O)(=O)[O-])S(=O)(=O)[O-].[Na+].[Na+].[Na+].[Na+].[Na+].[Na+],631.334,-9.842,4,29,8,16,0.0
DR80,10,0.231915499,Direct Red 80,C1=CC(=CC=C1N=NC2=CC(=C(C=C2)N=NC3=C(C=C4C=C(C=CC4=C3O)NC(=O)NC5=CC6=CC(=C(C(=C6C=C5)O)N=NC7=C(C=C(C=C7)N=NC8=CC=C(C=C8)S(=O)(=O)[O-])S(=O)(=O)[O-])S(=O)(=O)[O-])S(=O)(=O)[O-])S(=O)(=O)[O-])S(=O)(=O)[O-].[Na+].[Na+].[Na+].[Na+].[Na+].[Na+],631.334,-9.842,4,29,8,16,0.0
DR80,15,0.321952044,Direct Red 80,C1=CC(=CC=C1N=NC2=CC(=C(C=C2)N=NC3=C(C=C4C=C(C=CC4=C3O)NC(=O)NC5=CC6=CC(=C(C(=C6C=C5)O)N=NC7=C(C=C(C=C7)N=NC8=CC=C(C=C8)S(=O)(=O)[O-])S(=O)(=O)[O-])S(=O)(=O)[O-])S(=O)(=O)[O-])S(=O)(=O)[O-])S(=O)(=O)[O-].[Na+].[Na+].[Na+].[Na+].[Na+].[Na+],631.334,-9.842,4,29,8,16,0.0
DR80,20,0.401402608,Direct Red 80,C1=CC(=CC=C1N=NC2=CC(=C(C=C2)N=NC3=C(C=C4C=C(C=CC4=C3O)NC(=O)NC5=CC6=CC(=C(C(=C6C=C5)O)N=NC7=C(C=C(C=C7)N=NC8=CC=C(C=C8)S(=O)(=O)[O-])S(=O)(=O)[O-])S(=O)(=O)[O-])S(=O)(=O)[O-])S(=O)(=O)[O-])S(=O)(=O)[O-].[Na+].[Na+].[Na+].[Na+].[Na+].[Na+],631.334,-9.842,4,29,8,16,0.0
DR80,25,0.474611763,Direct Red 80,C1=CC(=CC=C1N=NC2=CC(=C(C=C2)N=NC3=C(C=C4C=C(C=CC4=C3O)NC(=O)NC5=CC6=CC(=C(C(=C6C=C5)O)N=NC7=C(C=C(C=C7)N=NC8=CC=C(C=C8)S(=O)(=O)[O-])S(=O)(=O)[O-])S(=O)(=O)[O-])S(=O)(=O)[O-])S(=O)(=O)[O-])S(=O)(=O)[O-].[Na+].[Na+].[Na+].[Na+].[Na+].[Na+],631.334,-9.842,4,29,8,16,0.0
BF,0,0.0,Basic Fuchsin,CC1=CC(=C(C2=CC=C(C=C2)N)C3=CC=C(C=C3)N)C=CC1=N.Cl,147.852,4.611,3,3,2,2,0.05
BF,5,0.409810274,Basic Fuchsin,CC1=CC(=C(C2=CC=C(C=C2)N)C3=CC=C(C=C3)N)C=CC1=N.Cl,147.852,4.611,3,3,2,2,0.05
BF,10,0.664774057,Basic Fuchsin,CC1=CC(=C(C2=CC=C(C=C2)N)C3=CC=C(C=C3)N)C=CC1=N.Cl,147.852,4.611,3,3,2,2,0.05
BF,15,0.819425115,Basic Fuchsin,CC1=CC(=C(C2=CC=C(C=C2)N)C3=CC=C(C=C3)N)C=CC1=N.Cl,147.852,4.611,3,3,2,2,0.05
BF,20,0.916244392,Basic Fuchsin,CC1=CC(=C(C2=CC=C(C=C2)N)C3=CC=C(C=C3)N)C=CC1=N.Cl,147.852,4.611,3,3,2,2,0.05
BF,25,0.97985128,Basic Fuchsin,CC1=CC(=C(C2=CC=C(C=C2)N)C3=CC=C(C=C3)N)C=CC1=N.Cl,147.852,4.611,3,3,2,2,0.05
Congo,0,0.0,Congo Red,C1=CC=C2C(=C1)C(=CC(=C2N)N=NC3=CC=C(C=C3)C4=CC=C(C=C4)N=NC5=C(C6=CC=CC=C6C(=C5)S(=O)(=O)[O-])N)S(=O)(=O)[O-].[Na+].[Na+],319.623,1.471,2,12,6,7,0.0
Congo,5,0.146260385,Congo Red,C1=CC=C2C(=C1)C(=CC(=C2N)N=NC3=CC=C(C=C3)C4=CC=C(C=C4)N=NC5=C(C6=CC=CC=C6C(=C5)S(=O)(=O)[O-])N)S(=O)(=O)[O-].[Na+].[Na+],319.623,1.471,2,12,6,7,0.0
Congo,10,0.236394499,Congo Red,C1=CC=C2C(=C1)C(=CC(=C2N)N=NC3=CC=C(C=C3)C4=CC=C(C=C4)N=NC5=C(C6=CC=CC=C6C(=C5)S(=O)(=O)[O-])N)S(=O)(=O)[O-].[Na+].[Na+],319.623,1.471,2,12,6,7,0.0
Congo,15,0.313580923,Congo Red,C1=CC=C2C(=C1)C(=CC(=C2N)N=NC3=CC=C(C=C3)C4=CC=C(C=C4)N=NC5=C(C6=CC=CC=C6C(=C5)S(=O)(=O)[O-])N)S(=O)(=O)[O-].[Na+].[Na+],319.623,1.471,2,12,6,7,0.0
Congo,20,0.377740601,Congo Red,C1=CC=C2C(=C1)C(=CC(=C2N)N=NC3=CC=C(C=C3)C4=CC=C(C=C4)N=NC5=C(C6=CC=CC=C6C(=C5)S(=O)(=O)[O-])N)S(=O)(=O)[O-].[Na+].[Na+],319.623,1.471,2,12,6,7,0.0
Congo,25,0.440317792,Congo Red,C1=CC=C2C(=C1)C(=CC(=C2N)N=NC3=CC=C(C=C3)C4=CC=C(C=C4)N=NC5=C(C6=CC=CC=C6C(=C5)S(=O)(=O)[O-])N)S(=O)(=O)[O-].[Na+].[Na+],319.623,1.471,2,12,6,7,0.0
FBMBSN,0,0.0,Solvent Blue 38,C1=CC=C2C(=C1)C3=NC4=NC(=NC5=C6C(=C([N-]5)N=C7C8=C(C(=CC=C8)S(=O)(=O)[O-])C(=N7)N=C2[N-]3)C=CC=C6S(=O)(=O)[O-])C9=CC=CC=C94.[Na+].[Na+].[Cu+2],342.76,-2.059,0,12,7,2,0.0
FBMBSN,5,0.156185619,Solvent Blue 38,C1=CC=C2C(=C1)C3=NC4=NC(=NC5=C6C(=C([N-]5)N=C7C8=C(C(=CC=C8)S(=O)(=O)[O-])C(=N7)N=C2[N-]3)C=CC=C6S(=O)(=O)[O-])C9=CC=CC=C94.[Na+].[Na+].[Cu+2],342.76,-2.059,0,12,7,2,0.0
FBMBSN,10,0.288231463,Solvent Blue 38,C1=CC=C2C(=C1)C3=NC4=NC(=NC5=C6C(=C([N-]5)N=C7C8=C(C(=CC=C8)S(=O)(=O)[O-])C(=N7)N=C2[N-]3)C=CC=C6S(=O)(=O)[O-])C9=CC=CC=C94.[Na+].[Na+].[Cu+2],342.76,-2.059,0,12,7,2,0.0
FBMBSN,15,0.390434943,Solvent Blue 38,C1=CC=C2C(=C1)C3=NC4=NC(=NC5=C6C(=C([N-]5)N=C7C8=C(C(=CC=C8)S(=O)(=O)[O-])C(=N7)N=C2[N-]3)C=CC=C6S(=O)(=O)[O-])C9=CC=CC=C94.[Na+].[Na+].[Cu+2],342.76,-2.059,0,12,7,2,0.0
FBMBSN,20,0.477782748,Solvent Blue 38,C1=CC=C2C(=C1)C3=NC4=NC(=NC5=C6C(=C([N-]5)N=C7C8=C(C(=CC=C8)S(=O)(=O)[O-])C(=N7)N=C2[N-]3)C=CC=C6S(=O)(=O)[O-])C9=CC=CC=C94.[Na+].[Na+].[Cu+2],342.76,-2.059,0,12,7,2,0.0
FBMBSN,25,0.55062351,Solvent Blue 38,C1=CC=C2C(=C1)C3=NC4=NC(=NC5=C6C(=C([N-]5)N=C7C8=C(C(=CC=C8)S(=O)(=O)[O-])C(=N7)N=C2[N-]3)C=CC=C6S(=O)(=O)[O-])C9=CC=CC=C94.[Na+].[Na+].[Cu+2],342.76,-2.059,0,12,7,2,0.0
Fl,0,0.0,Fluorescein,C1=CC=C2C(=C1)C(=O)OC23C4=C(C=C(C=C4)O)OC5=C3C=CC(=C5)O,142.241,3.666,2,5,3,0,0.05
Fl,5,0.525021521,Fluorescein,C1=CC=C2C(=C1)C(=O)OC23C4=C(C=C(C=C4)O)OC5=C3C=CC(=C5)O,142.241,3.666,2,5,3,0,0.05
Fl,10,0.751921748,Fluorescein,C1=CC=C2C(=C1)C(=O)OC23C4=C(C=C(C=C4)O)OC5=C3C=CC(=C5)O,142.241,3.666,2,5,3,0,0.05
Fl,15,0.868798029,Fluorescein,C1=CC=C2C(=C1)C(=O)OC23C4=C(C=C(C=C4)O)OC5=C3C=CC(=C5)O,142.241,3.666,2,5,3,0,0.05
Fl,20,0.93010951,Fluorescein,C1=CC=C2C(=C1)C(=O)OC23C4=C(C=C(C=C4)O)OC5=C3C=CC(=C5)O,142.241,3.666,2,5,3,0,0.05
Fl,25,0.983809484,Fluorescein,C1=CC=C2C(=C1)C(=O)OC23C4=C(C=C(C=C4)O)OC5=C3C=CC(=C5)O,142.241,3.666,2,5,3,0,0.05
NBA,0,0.0,Nile Blue A,CC[N+](=C1C=CC2=NC3=C(C=C(C4=CC=CC=C43)N)OC2=C1)CC.CC[N+](=C1C=CC2=NC3=C(C=C(C4=CC=CC=C43)N)OC2=C1)CC.[O-]S(=O)(=O)[O-],305.79,5.622,2,10,4,4,0.2
NBA,5,0.516712422,Nile Blue A,CC[N+](=C1C=CC2=NC3=C(C=C(C4=CC=CC=C43)N)OC2=C1)CC.CC[N+](=C1C=CC2=NC3=C(C=C(C4=CC=CC=C43)N)OC2=C1)CC.[O-]S(=O)(=O)[O-],305.79,5.622,2,10,4,4,0.2
NBA,10,0.769878623,Nile Blue A,CC[N+](=C1C=CC2=NC3=C(C=C(C4=CC=CC=C43)N)OC2=C1)CC.CC[N+](=C1C=CC2=NC3=C(C=C(C4=CC=CC=C43)N)OC2=C1)CC.[O-]S(=O)(=O)[O-],305.79,5.622,2,10,4,4,0.2
NBA,15,0.84382575,Nile Blue A,CC[N+](=C1C=CC2=NC3=C(C=C(C4=CC=CC=C43)N)OC2=C1)CC.CC[N+](=C1C=CC2=NC3=C(C=C(C4=CC=CC=C43)N)OC2=C1)CC.[O-]S(=O)(=O)[O-],305.79,5.622,2,10,4,4,0.2
NBA,20,0.892955903,Nile Blue A,CC[N+](=C1C=CC2=NC3=C(C=C(C4=CC=CC=C43)N)OC2=C1)CC.CC[N+](=C1C=CC2=NC3=C(C=C(C4=CC=CC=C43)N)OC2=C1)CC.[O-]S(=O)(=O)[O-],305.79,5.622,2,10,4,4,0.2
NBA,25,0.938927331,Nile Blue A,CC[N+](=C1C=CC2=NC3=C(C=C(C4=CC=CC=C43)N)OC2=C1)CC.CC[N+](=C1C=CC2=NC3=C(C=C(C4=CC=CC=C43)N)OC2=C1)CC.[O-]S(=O)(=O)[O-],305.79,5.622,2,10,4,4,0.2
OG,0,0.0,Orange G,C1=CC=C(C=C1)N=NC2=C(C=CC3=CC(=CC(=C32)S(=O)(=O)[O-])S(=O)(=O)[O-])O.[Na+].[Na+],210.495,-3.223,1,9,3,4,0.0
OG,5,0.395380089,Orange G,C1=CC=C(C=C1)N=NC2=C(C=CC3=CC(=CC(=C32)S(=O)(=O)[O-])S(=O)(=O)[O-])O.[Na+].[Na+],210.495,-3.223,1,9,3,4,0.0
OG,10,0.589354721,Orange G,C1=CC=C(C=C1)N=NC2=C(C=CC3=CC(=CC(=C32)S(=O)(=O)[O-])S(=O)(=O)[O-])O.[Na+].[Na+],210.495,-3.223,1,9,3,4,0.0
OG,15,0.73264155,Orange G,C1=CC=C(C=C1)N=NC2=C(C=CC3=CC(=CC(=C32)S(=O)(=O)[O-])S(=O)(=O)[O-])O.[Na+].[Na+],210.495,-3.223,1,9,3,4,0.0
OG,20,0.833191276,Orange G,C1=CC=C(C=C1)N=NC2=C(C=CC3=CC(=CC(=C32)S(=O)(=O)[O-])S(=O)(=O)[O-])O.[Na+].[Na+],210.495,-3.223,1,9,3,4,0.0
OG,25,0.911265096,Orange G,C1=CC=C(C=C1)N=NC2=C(C=CC3=CC(=CC(=C32)S(=O)(=O)[O-])S(=O)(=O)[O-])O.[Na+].[Na+],210.495,-3.223,1,9,3,4,0.0
MG,0,0.0,Methyl green chloride,CN(C)C1=CC=C(C=C1)C(=C2C=CC(=[N+](C)C)C=C2)C3=CC=C(C=C3)[N+](C)(C)C.[Cl-].[Cl-],199.664,-1.402,0,1,2,4,0.269
MG,10,0.317431917,Methyl green chloride,CN(C)C1=CC=C(C=C1)C(=C2C=CC(=[N+](C)C)C=C2)C3=CC=C(C=C3)[N+](C)(C)C.[Cl-].[Cl-],199.664,-1.402,0,1,2,4,0.269
MG,15,0.545282972,Methyl green chloride,CN(C)C1=CC=C(C=C1)C(=C2C=CC(=[N+](C)C)C=C2)C3=CC=C(C=C3)[N+](C)(C)C.[Cl-].[Cl-],199.664,-1.402,0,1,2,4,0.269
MG,20,0.687243428,Methyl green chloride,CN(C)C1=CC=C(C=C1)C(=C2C=CC(=[N+](C)C)C=C2)C3=CC=C(C=C3)[N+](C)(C)C.[Cl-].[Cl-],199.664,-1.402,0,1,2,4,0.269
MG,25,0.777170145,Methyl green chloride,CN(C)C1=CC=C(C=C1)C(=C2C=CC(=[N+](C)C)C=C2)C3=CC=C(C=C3)[N+](C)(C)C.[Cl-].[Cl-],199.664,-1.402,0,1,2,4,0.269
BCB,0,0.0,Brilliant Cresyl Blue ALD,CC[N+](=C1C=CC2=NC3=C(C=C(C(=C3)C)N)OC2=C1)CC.CC[N+](=C1C=CC2=NC3=C(C=C(C(=C3)C)N)OC2=C1)CC.Cl[Zn-2](Cl)(Cl)Cl,293.485,8.026,2,6,2,4,0.294
BCB,5,0.245935326,Brilliant Cresyl Blue ALD,CC[N+](=C1C=CC2=NC3=C(C=C(C(=C3)C)N)OC2=C1)CC.CC[N+](=C1C=CC2=NC3=C(C=C(C(=C3)C)N)OC2=C1)CC.Cl[Zn-2](Cl)(Cl)Cl,293.485,8.026,2,6,2,4,0.294
BCB,10,0.432011591,Brilliant Cresyl Blue ALD,CC[N+](=C1C=CC2=NC3=C(C=C(C(=C3)C)N)OC2=C1)CC.CC[N+](=C1C=CC2=NC3=C(C=C(C(=C3)C)N)OC2=C1)CC.Cl[Zn-2](Cl)(Cl)Cl,293.485,8.026,2,6,2,4,0.294
BCB,15,0.578783568,Brilliant Cresyl Blue ALD,CC[N+](=C1C=CC2=NC3=C(C=C(C(=C3)C)N)OC2=C1)CC.CC[N+](=C1C=CC2=NC3=C(C=C(C(=C3)C)N)OC2=C1)CC.Cl[Zn-2](Cl)(Cl)Cl,293.485,8.026,2,6,2,4,0.294
BCB,20,0.69425732,Brilliant Cresyl Blue ALD,CC[N+](=C1C=CC2=NC3=C(C=C(C(=C3)C)N)OC2=C1)CC.CC[N+](=C1C=CC2=NC3=C(C=C(C(=C3)C)N)OC2=C1)CC.Cl[Zn-2](Cl)(Cl)Cl,293.485,8.026,2,6,2,4,0.294
BCB,25,0.782470037,Brilliant Cresyl Blue ALD,CC[N+](=C1C=CC2=NC3=C(C=C(C(=C3)C)N)OC2=C1)CC.CC[N+](=C1C=CC2=NC3=C(C=C(C(=C3)C)N)OC2=C1)CC.Cl[Zn-2](Cl)(Cl)Cl,293.485,8.026,2,6,2,4,0.294
CS-3B,0,0.0,Crocein Scarlet 3B,C1=CC=C(C=C1)N=NC2=CC=C(C=C2)N=NC3=C(C=CC4=CC(=CC(=C43)S(=O)(=O)[O-])S(=O)(=O)[O-])O.[Na+].[Na+],255.999,-0.808,1,11,4,6,0.0
CS-3B,5,0.213505003,Crocein Scarlet 3B,C1=CC=C(C=C1)N=NC2=CC=C(C=C2)N=NC3=C(C=CC4=CC(=CC(=C43)S(=O)(=O)[O-])S(=O)(=O)[O-])O.[Na+].[Na+],255.999,-0.808,1,11,4,6,0.0
CS-3B,10,0.363633351,Crocein Scarlet 3B,C1=CC=C(C=C1)N=NC2=CC=C(C=C2)N=NC3=C(C=CC4=CC(=CC(=C43)S(=O)(=O)[O-])S(=O)(=O)[O-])O.[Na+].[Na+],255.999,-0.808,1,11,4,6,0.0
CS-3B,15,0.501264366,Crocein Scarlet 3B,C1=CC=C(C=C1)N=NC2=CC=C(C=C2)N=NC3=C(C=CC4=CC(=CC(=C43)S(=O)(=O)[O-])S(=O)(=O)[O-])O.[Na+].[Na+],255.999,-0.808,1,11,4,6,0.0
CS-3B,20,0.613979476,Crocein Scarlet 3B,C1=CC=C(C=C1)N=NC2=CC=C(C=C2)N=NC3=C(C=CC4=CC(=CC(=C43)S(=O)(=O)[O-])S(=O)(=O)[O-])O.[Na+].[Na+],255.999,-0.808,1,11,4,6,0.0
CS-3B,25,0.696951403,Crocein Scarlet 3B,C1=CC=C(C=C1)N=NC2=CC=C(C=C2)N=NC3=C(C=CC4=CC(=CC(=C43)S(=O)(=O)[O-])S(=O)(=O)[O-])O.[Na+].[Na+],255.999,-0.808,1,11,4,6,0.0
